{"cameraMode":{"drawMode":0,"name":"Shaded","section":"Shading Mode"},"sceneLighting":false,"audioPlay":false,"sceneViewState":{"m_AlwaysRefresh":false,"showFog":true,"showSkybox":false,"showFlares":true,"showImageEffects":true,"showParticleSystems":true,"showVisualEffectGraphs":true,"m_FxEnabled":true},"in2DMode":false,"pivot":{"x":0.27986758947372439,"y":2.2780728340148927,"z":1.0198001861572266},"rotation":{"x":-0.19432492554187776,"y":0.35738372802734377,"z":-0.07628913223743439,"w":-0.9103311896324158},"size":0.12247449159622193,"orthographic":false}